{"cameraMode":{"drawMode":0,"name":"Shaded","section":"Shading Mode"},"sceneLighting":true,"audioPlay":false,"sceneViewState":{"showFog":true,"showMaterialUpdate":false,"showSkybox":true,"showFlares":true,"showImageEffects":true,"showParticleSystems":true},"in2DMode":false,"pivot":{"x":5.342382907867432,"y":6.222379684448242,"z":6.33322811126709},"rotation":{"x":0.07100914418697357,"y":0.09560929983854294,"z":-0.006839042995125055,"w":0.9928634762763977},"size":19.47373390197754,"orthographic":false}